epoch,train_loss,val_loss,val_accuracy,experts_lr,fusion_lr,global_head_lr,loss_global,loss_individual,loss_total,expert_0_accuracy,expert_1_accuracy,expert_2_accuracy,expert_3_accuracy,expert_0_loss,expert_1_loss,expert_2_loss,expert_3_loss,alpha,fusion_type,model_architecture,timestamp
1,9.27268153806276,4.256742266160023,53.9,6.998445665152054e-05,0.0007998223617316634,0.0007998223617316634,3.7600317001342773,12.278654098510742,5.1353678703308105,75.68,75.3,75.72,75.37,1.0243657993364939,1.0055439419384244,1.008638728268539,0.9966742871682855,0.5,simpleAddition,densenet121,2025-09-02 08:38:26
2,7.930935539776766,3.2751531812209116,74.25,6.993784194549054e-05,0.0007992896222341778,0.0007992896222341778,2.7397847175598145,10.89215087890625,3.895681619644165,75.87,75.67,75.98,75.91,1.0100839960424206,1.0068605987331536,0.9928897234457957,0.9929524833642984,0.5,simpleAddition,densenet121,2025-09-02 08:39:39
3,7.364401455166973,3.066719381115105,76.49,6.986020188499701e-05,0.0007984023072571089,0.0007984023072571089,2.19406795501709,7.822899341583252,3.6767728328704834,76.14,75.94,76.51,75.96,1.005679710001885,1.0168089904362643,0.9818522590625135,1.0046831791913962,0.5,simpleAddition,densenet121,2025-09-02 08:40:51
4,7.394357119934468,3.0255673716339886,77.7,6.975161309140606e-05,0.0007971612924732122,0.0007971612924732122,3.0276923179626465,10.431550025939941,3.507896900177002,76.04,75.64,76.29,75.86,1.0082472064827062,1.0151751320573348,0.9997196816190889,1.0048861994019038,0.5,simpleAddition,densenet121,2025-09-02 08:42:03
5,7.160816108124165,3.007566273966922,77.99,6.961218272874684e-05,0.0007955678026142498,0.0007955678026142498,2.370814323425293,8.95551586151123,4.11176872253418,75.86,75.48,75.71,76.34,1.0192416023604478,1.0435748070101194,1.0215993161442913,1.0280073187019252,0.5,simpleAddition,densenet121,2025-09-02 08:43:14
6,7.067514153975475,3.017665515972089,77.63,6.94420483979537e-05,0.0007936234102623282,0.0007936234102623282,2.007840156555176,8.117789268493652,3.7557592391967773,76.01,75.15,75.23,75.78,1.0164412463767618,1.056047659131545,1.0418188043787509,1.0189799862571909,0.5,simpleAddition,densenet121,2025-09-02 08:44:26
7,6.7556513955321496,3.0521901679944388,78.2,6.924137800107055e-05,0.0007913300342979493,0.0007913300342979493,2.921015501022339,11.71571159362793,3.368460178375244,75.89,75.38,75.55,75.45,1.0432620146606542,1.0376112061210825,1.055142593534687,1.0426071482368662,0.5,simpleAddition,densenet121,2025-09-02 08:45:39
8,6.75274564948263,3.000474362433711,78.29,6.901036957555188e-05,0.0007886899380063074,0.0007886899380063074,2.6786048412323,10.582780838012695,3.851170063018799,76.04,75.39,75.41,76.19,1.0152496763422518,1.0499201605591593,1.0459813249262073,1.018562830701659,0.5,simpleAddition,densenet121,2025-09-02 08:46:51
9,6.478063692020465,3.04638150975674,78.75,6.87492510988237e-05,0.0007857057268436997,0.0007857057268436997,1.7786173820495605,6.8581743240356445,3.955169677734375,75.77,74.94,75.1,75.14,1.0401982348176497,1.0687742602976062,1.0645775334744514,1.0401128500322752,0.5,simpleAddition,densenet121,2025-09-02 08:48:03
10,6.672511951832831,3.069286615033693,78.54,6.845828026329733e-05,0.0007823803458662555,0.0007823803458662555,2.6444456577301025,10.39803409576416,3.9159088134765625,75.48,74.67,74.75,74.96,1.0522146255155154,1.0722923195814784,1.0863409276250042,1.0515233376358128,0.5,simpleAddition,densenet121,2025-09-02 08:49:15
11,6.622511516643476,3.1223379931872404,77.95,6.813774422205809e-05,0.0007787170768235215,0.0007787170768235215,1.5225498676300049,6.74743127822876,3.7232165336608887,75.24,74.61,74.91,75.08,1.0667380569856377,1.098432702354238,1.0698970148835,1.0617162034481387,0.5,simpleAddition,densenet121,2025-09-02 08:50:28
12,6.496514263032358,3.094488916517813,78.75,6.778795930547991e-05,0.0007747195349197708,0.0007747195349197708,1.808760166168213,7.323132038116455,3.8112587928771973,75.49,74.93,75.28,74.99,1.0579633705223663,1.09177232920369,1.079761556432217,1.0726418630986274,0.5,simpleAddition,densenet121,2025-09-02 08:51:40
13,6.338376425489595,3.150939651682407,78.0,6.740927070904538e-05,0.0007703916652462335,0.0007703916652462335,2.9261772632598877,11.338113784790039,3.6629204750061035,74.78,74.22,75.06,75.32,1.0799907332734218,1.1067846945569486,1.084728781935535,1.0729622757887538,0.5,simpleAddition,densenet121,2025-09-02 08:52:52
14,6.451908926420574,3.184559825100476,78.25,6.700205215267959e-05,0.0007657377388877673,0.0007657377388877673,1.7597219944000244,7.176144599914551,3.589346408843994,74.99,74.16,74.29,74.78,1.0807475176038621,1.119465907917747,1.1241658586490004,1.0671639653700817,0.5,simpleAddition,densenet121,2025-09-02 08:54:04
15,6.087927939016608,3.1966548358337787,78.13,6.656670551193356e-05,0.0007607623487078127,0.0007607623487078127,2.7290573120117188,10.708854675292969,4.121222496032715,75.58,73.81,74.65,74.65,1.0869465938097314,1.1255828044082545,1.113297064847584,1.108464720882947,0.5,simpleAddition,densenet121,2025-09-02 08:55:16
16,6.0784695359724985,3.209594497197791,78.23,6.610366042138166e-05,0.0007554704048157912,0.0007554704048157912,1.6734986305236816,6.792234420776367,3.6608681678771973,74.8,73.77,74.53,74.63,1.0861198954944369,1.1292987971366206,1.1145139163053488,1.1093371714217752,0.5,simpleAddition,densenet121,2025-09-02 08:56:27
17,6.12965168530428,3.2457205102413513,78.34,6.561337385062419e-05,0.0007498671297214201,0.0007498671297214201,1.9703891277313232,8.331932067871094,3.99301815032959,74.74,73.36,74.0,74.76,1.1095424302016632,1.1500356793403625,1.1504308656801152,1.1082628135439716,0.5,simpleAddition,densenet121,2025-09-02 08:57:39
18,6.103288599207431,3.251938321922399,78.12,6.509632965331344e-05,0.0007439580531807258,0.0007439580531807258,3.0128731727600098,11.773683547973633,3.4781432151794434,74.96,73.75,73.46,74.27,1.10025937798657,1.14062507318545,1.1560985114001021,1.1140249069732955,0.5,simpleAddition,densenet121,2025-09-02 08:58:51
19,6.003152264824396,3.2428792036032377,77.95,6.455303808964865e-05,0.0007377490067388427,0.0007377490067388427,2.130702257156372,8.261981010437012,3.934654712677002,74.61,73.92,74.4,73.79,1.1071041158483,1.132656676105306,1.1337246796752833,1.1313505565063864,0.5,simpleAddition,densenet121,2025-09-02 09:00:03
20,6.024629553662071,3.354760091516036,77.5,6.39840353228108e-05,0.0007312461179749815,0.0007312461179749815,2.57574462890625,10.295571327209473,3.5569424629211426,74.32,73.43,73.71,73.8,1.1275600391098215,1.1595292544063134,1.1701483409616011,1.1539342403411865,0.5,simpleAddition,densenet121,2025-09-02 09:01:15
21,5.798052999037731,3.278227335290064,77.83,6.33898828898342e-05,0.0007244558044552489,0.0007244558044552489,1.698439121246338,6.893815040588379,3.585777997970581,74.21,73.01,73.77,74.26,1.1133509625362445,1.1586411044567446,1.161614153204085,1.1291946233073367,0.5,simpleAddition,densenet121,2025-09-02 09:02:28
22,6.110050913653796,3.3393748379960844,77.71,6.277116714743732e-05,0.0007173847673992845,0.0007173847673992845,3.0290307998657227,12.014928817749023,3.513354778289795,73.89,73.3,73.49,73.81,1.160973215404945,1.169864885414703,1.190391419809076,1.1335941175871258,0.5,simpleAddition,densenet121,2025-09-02 09:03:40
23,6.07549945614006,3.283158269109605,77.71,6.212849869335943e-05,0.0007100399850669658,0.0007100399850669658,2.4820556640625,10.443142890930176,3.755584716796875,74.27,73.71,73.9,73.99,1.1312047929703435,1.1513451277455198,1.161137407339072,1.1293041238301917,0.5,simpleAddition,densenet121,2025-09-02 09:04:51
24,5.929396562938448,3.281581573848483,77.94,6.146251176377441e-05,0.0007024287058717085,0.0007024287058717085,2.50459623336792,9.998851776123047,3.9759860038757324,74.63,73.39,73.79,74.29,1.1321720827983905,1.1570174512983877,1.160857781579223,1.119556392295451,0.5,simpleAddition,densenet121,2025-09-02 09:06:03
25,5.931562595729586,3.3039261811896217,78.0,6.077386360737619e-05,0.0006945584412271574,0.0006945584412271574,1.7269036769866943,7.278595447540283,4.146352291107178,74.51,73.34,73.39,74.1,1.1439888869659811,1.1822160225880296,1.1795832243146775,1.1487641538245768,0.5,simpleAddition,densenet121,2025-09-02 09:07:15
26,5.959737762620177,3.2925970192197003,78.17,6.006323383675364e-05,0.0006864369581343283,0.0006864369581343283,2.322723388671875,9.40359115600586,3.815708637237549,74.67,73.14,73.81,73.98,1.1251143367984626,1.1629124578041365,1.168929891495765,1.135222917116141,0.5,simpleAddition,densenet121,2025-09-02 09:08:27
27,5.923710328114184,3.409281359443182,78.05,5.933132375769498e-05,0.000678072271516515,0.000678072271516515,1.9798132181167603,8.086299896240234,4.386025428771973,73.85,72.37,73.48,73.65,1.1561967904054666,1.2019949940186512,1.1929001340383216,1.1675316895110697,0.5,simpleAddition,densenet121,2025-09-02 09:09:39
28,5.633675560166564,3.3615931589392165,77.79,5.857885567708368e-05,0.0006694726363095287,0.0006694726363095287,2.8430633544921875,11.160039901733398,4.416733741760254,74.24,72.28,73.85,73.94,1.1369812994063655,1.1779440286793286,1.159602095809164,1.137431969371023,0.5,simpleAddition,densenet121,2025-09-02 09:10:51
29,5.714865044702457,3.3592937777314007,77.71,5.780657219006872e-05,0.000660646539315072,0.000660646539315072,2.228393793106079,9.188104629516602,4.085387706756592,73.74,72.59,73.58,73.44,1.165916261793692,1.1753251597851138,1.1746193268631078,1.1647951821737652,0.5,simpleAddition,densenet121,2025-09-02 09:12:03
30,5.574189409424987,3.437137748621687,77.93,5.701523544721287e-05,0.0006516026908252908,0.0006516026908252908,2.4149856567382812,10.17566204071045,4.311097145080566,73.83,73.08,73.33,73.84,1.1826303125936775,1.1973174455799633,1.189906985699376,1.1785767153848576,0.5,simpleAddition,densenet121,2025-09-02 09:13:15
31,5.671201983584633,3.33470833452442,78.01,5.620562640234208e-05,0.0006423500160267675,0.0006423500160267675,2.1436386108398438,8.913554191589355,4.717537879943848,73.96,72.69,73.46,74.12,1.1620990279354626,1.1891756646240814,1.1850678551046154,1.1495142186744303,0.5,simpleAddition,densenet121,2025-09-02 09:14:28
32,5.8604799493958675,3.331423919412154,78.0,5.537854404183835e-05,0.0006328976461924392,0.0006328976461924392,2.0827388763427734,8.751537322998047,4.306676864624023,74.05,73.22,73.6,74.07,1.1625971635685692,1.1598340861404999,1.181421246709703,1.1351509365854384,0.5,simpleAddition,densenet121,2025-09-02 09:15:39
33,5.775493703311002,3.4384997736049603,77.39,5.4534804596136655e-05,0.0006232549096701341,0.0006232549096701341,2.4717824459075928,10.132871627807617,4.457208156585693,73.99,72.15,73.6,73.46,1.1726694024061854,1.19645926469489,1.19683772099169,1.166700563098811,0.5,simpleAddition,densenet121,2025-09-02 09:16:51
34,5.648359395280669,3.4503215868261794,77.44,5.367524073420399e-05,0.0006134313226766178,0.0006134313226766178,2.8809726238250732,11.991002082824707,4.32588005065918,73.38,72.56,73.27,73.84,1.1971836482422262,1.1908040559744533,1.1921998352944096,1.1679700198052805,0.5,simpleAddition,densenet121,2025-09-02 09:18:03
35,5.715422569950925,3.3993382272841055,77.59,5.280070074179569e-05,0.0006034365799062372,0.0006034365799062372,1.903388500213623,7.7782464027404785,4.52903413772583,73.85,72.99,72.72,73.42,1.1652226448059082,1.1791908748542206,1.2054350821277764,1.188086851488186,0.5,simpleAddition,densenet121,2025-09-02 09:19:15
36,5.5036289329770245,3.3818966799144503,78.06,5.191204768429975e-05,0.0005932805449634266,0.0005932805449634266,2.369387149810791,9.92989730834961,4.287942886352539,73.83,72.82,73.1,73.73,1.1596914575069766,1.1621467916271355,1.1965694789645038,1.160358519493779,0.5,simpleAddition,densenet121,2025-09-02 09:20:27
37,5.595785463912578,3.401029701474347,77.95,5.101015855499556e-05,0.0005829732406285214,0.0005829732406285214,1.6819961071014404,7.135122776031494,4.214995861053467,73.24,72.54,72.92,73.55,1.1983195150954813,1.1988376597814923,1.224186205411259,1.1627652562117274,0.5,simpleAddition,densenet121,2025-09-02 09:21:39
38,5.706941586506518,3.4490292162834844,77.57,5.009592340956733e-05,0.0005725248389664845,0.0005725248389664845,2.5527734756469727,10.177831649780273,4.214120864868164,73.27,72.29,73.18,73.65,1.2232716755021977,1.201131176344956,1.2328479342822787,1.1713304904442798,0.5,simpleAddition,densenet121,2025-09-02 09:22:51
39,5.411790648593178,3.422341316561156,77.21,4.917024448772665e-05,0.0005619456512883054,0.0005619456512883054,2.4164040088653564,9.959708213806152,4.491518020629883,73.26,72.67,72.64,73.57,1.1883321381822418,1.1774603490588031,1.2116031209124793,1.1750765488117556,0.5,simpleAddition,densenet121,2025-09-02 09:24:02
40,5.525972776775118,3.438260506980027,77.65,4.823403532281082e-05,0.0005512461179749816,0.0005512461179749816,1.6768478155136108,7.070982933044434,4.463647365570068,72.94,72.78,73.22,73.94,1.198632927635048,1.1850548326214658,1.219309644608558,1.160051526148108,0.5,simpleAddition,densenet121,2025-09-02 09:25:14
41,5.624410058878645,3.4277705904803697,77.84,4.72882198402357e-05,0.0005404367981741231,0.0005404367981741231,2.5677196979522705,10.110990524291992,4.622884273529053,73.4,72.5,73.0,73.68,1.1985539409178723,1.2039416432380676,1.2215358267856549,1.1759039684187007,0.5,simpleAddition,densenet121,2025-09-02 09:26:27
42,5.354073838342594,3.432204768627505,77.78,4.63337314456929e-05,0.0005295283593793481,0.0005295283593793481,1.1213780641555786,4.536753177642822,4.744019985198975,73.0,73.11,73.05,73.84,1.192309086081348,1.1878258359583118,1.2173710337168053,1.1861819753163978,0.5,simpleAddition,densenet121,2025-09-02 09:27:40
43,5.614643374575844,3.448548558392102,77.85,4.537151210399107e-05,0.0005185315669027559,0.0005185315669027559,2.281398296356201,9.919447898864746,4.531966686248779,72.98,72.36,72.82,73.36,1.2110057850427265,1.2166197307502167,1.2322995466522024,1.1866210367106185,0.5,simpleAddition,densenet121,2025-09-02 09:28:51
44,5.629093867314013,3.4520471729809725,77.72,4.440251140945031e-05,0.0005074572732508615,0.0005074572732508615,1.6613237857818604,6.782552719116211,4.383334636688232,73.39,72.86,73.12,73.82,1.1982925979396966,1.2016710412653187,1.2143292427062988,1.175142981583559,0.5,simpleAddition,densenet121,2025-09-02 09:30:03
45,5.595860282077065,3.4697004783002634,78.04,4.342768564876726e-05,0.0004963164074144838,0.0004963164074144838,2.2927985191345215,9.488009452819824,3.9958958625793457,73.4,72.36,73.28,73.78,1.2150671700888043,1.2067075839525536,1.2112756545030618,1.180582760255548,0.5,simpleAddition,densenet121,2025-09-02 09:31:15
46,5.413401093664048,3.436330264127707,77.71,4.2447996857275574e-05,0.00048511996408315023,0.00048511996408315023,2.3881287574768066,10.28734016418457,4.048403739929199,73.85,72.27,73.28,73.85,1.1812663998784898,1.2260663962062401,1.2156269889843614,1.186183456378647,0.5,simpleAddition,densenet121,2025-09-02 09:32:26
47,5.3247983546196656,3.4794770433932922,77.79,4.1464411869533184e-05,0.00047387899279466576,0.00047387899279466576,2.5509910583496094,10.729571342468262,4.334713459014893,73.07,72.23,73.09,73.66,1.2039803130717217,1.208732368070868,1.221311910242974,1.1832171218304695,0.5,simpleAddition,densenet121,2025-09-02 09:33:38
48,5.270860702176638,3.4376202987719187,77.59,4.0477901365173356e-05,0.0004626045870305535,0.0004626045870305535,1.9540550708770752,7.914677619934082,4.172144889831543,73.18,72.49,73.01,73.69,1.1967678303960003,1.2032015972499606,1.2103548510165154,1.1867996499508242,0.5,simpleAddition,densenet121,2025-09-02 09:34:51
49,5.390303448785709,3.475801274746279,77.7,3.948943891096102e-05,0.00045130787326812683,0.00045130787326812683,1.209336757659912,4.954235076904297,4.164735794067383,73.65,72.53,72.77,73.74,1.1813700048229363,1.1958986279330677,1.211978710904906,1.1777194496951526,0.5,simpleAddition,densenet121,2025-09-02 09:36:03
50,5.458724969550024,3.4002249723748315,78.43,3.849999999999998e-05,0.0004400000000000006,0.0004400000000000006,2.3006362915039062,9.78732681274414,3.97653865814209,73.34,73.14,73.24,73.75,1.1930308175992361,1.1777188528942157,1.2080040906049028,1.1701638592949397,0.5,simpleAddition,densenet121,2025-09-02 09:37:15
51,5.368487164944033,3.4536834487432166,78.25,3.751056108903894e-05,0.0004286921267318744,0.0004286921267318744,2.454176425933838,9.9067964553833,4.112951278686523,73.43,72.31,72.58,73.61,1.195385192013994,1.202562837661067,1.2286887606488,1.16437484946432,0.5,simpleAddition,densenet121,2025-09-02 09:38:28
52,5.495493774172626,3.4155969951726215,77.95,3.6522098634826605e-05,0.00041739541296944774,0.00041739541296944774,2.2645676136016846,9.674372673034668,3.9723637104034424,73.23,72.49,72.99,73.68,1.2001297979415217,1.1926812574833254,1.208848978145213,1.1661097860034508,0.5,simpleAddition,densenet121,2025-09-02 09:39:40
53,5.461271047592163,3.433528972577445,77.62,3.553558813046677e-05,0.00040612100720533535,0.00040612100720533535,1.6584575176239014,7.390822887420654,4.103710651397705,73.11,72.6,72.84,73.63,1.196416614930841,1.1868854723399198,1.2163362450237516,1.1728064063229138,0.5,simpleAddition,densenet121,2025-09-02 09:40:51
54,5.0628400844863695,3.444743409941468,77.79,3.4552003142724386e-05,0.000394880035916851,0.000394880035916851,1.1401503086090088,4.878235816955566,3.89849853515625,73.08,72.63,73.26,73.69,1.1988122915919823,1.2121876568733891,1.2150880618940425,1.184740449808821,0.5,simpleAddition,densenet121,2025-09-02 09:42:03
55,5.339171717438517,3.416200157962268,77.99,3.3572314351232697e-05,0.00038368359258551734,0.00038368359258551734,1.4201722145080566,5.625906944274902,3.829477548599243,73.1,72.6,72.58,73.63,1.200679574586168,1.1920359851438789,1.2341589203363732,1.1690989023522487,0.5,simpleAddition,densenet121,2025-09-02 09:43:15
56,5.3090749330158475,3.402807486208179,77.94,3.2597488590549644e-05,0.00037254272674913956,0.00037254272674913956,2.6617391109466553,11.24215316772461,4.0608744621276855,73.19,72.25,72.87,73.93,1.2099803406980973,1.2099912709827665,1.2205427553080306,1.1638156183158295,0.5,simpleAddition,densenet121,2025-09-02 09:44:27
57,5.113959025733078,3.49137380153318,77.78,3.162848789600889e-05,0.0003614684330972452,0.0003614684330972452,2.519312620162964,11.066289901733398,4.031153202056885,73.23,72.61,73.07,73.29,1.2117344955854779,1.2056901198399217,1.2170806828933427,1.2000862261917018,0.5,simpleAddition,densenet121,2025-09-02 09:45:39
58,5.366198050824901,3.4248474821259705,78.11,3.066626855430704e-05,0.00035047164062065265,0.00035047164062065265,2.0878989696502686,8.878189086914062,3.9733800888061523,73.56,72.62,73.24,73.45,1.1995747081841095,1.202512895759148,1.2141407018975368,1.1859891542905494,0.5,simpleAddition,densenet121,2025-09-02 09:46:50
59,5.5154516274416,3.4334486526778982,78.12,2.9711780159764252e-05,0.00033956320182587787,0.00033956320182587787,1.3544182777404785,5.858353614807129,4.118649005889893,72.96,72.33,73.07,73.64,1.214725041691261,1.2139501979079428,1.2272623626491692,1.1838768788530856,0.5,simpleAddition,densenet121,2025-09-02 09:48:02
60,5.354620553270171,3.4450114920169495,78.09,2.8765964677189137e-05,0.00032875388202501936,0.00032875388202501936,1.884360432624817,8.054360389709473,4.012073040008545,73.14,72.42,73.24,73.88,1.2118285660502277,1.2066931860356391,1.2200364349763604,1.181280354910259,0.5,simpleAddition,densenet121,2025-09-02 09:49:14
61,5.325452025932602,3.4582978441745422,77.97,2.7829755512273295e-05,0.00031805434871169544,0.00031805434871169544,1.824516773223877,7.6134209632873535,4.232512474060059,73.16,72.22,72.87,73.83,1.2134395890598055,1.2196396491195582,1.2422579338278952,1.178027227709565,0.5,simpleAddition,densenet121,2025-09-02 09:50:27
62,5.004965163484404,3.415886912164809,78.14,2.6904076590432627e-05,0.00030747516103351636,0.00030747516103351636,2.1150245666503906,9.182766914367676,4.291407108306885,72.98,72.31,73.19,73.91,1.2135701300222663,1.2173585031605973,1.2198653764362577,1.1706319368338283,0.5,simpleAddition,densenet121,2025-09-02 09:51:39
63,5.31017504462713,3.462896353081812,77.96,2.598984144500438e-05,0.00029702675937147926,0.00029702675937147926,2.664588451385498,10.541037559509277,4.223665714263916,73.01,72.26,72.87,73.86,1.2257883096043067,1.2242664536343346,1.2371725409845762,1.180958019027227,0.5,simpleAddition,densenet121,2025-09-02 09:52:51
64,5.133109494100643,3.4932044005092187,77.94,2.5087952315700184e-05,0.0002867194550365741,0.0002867194550365741,2.461423635482788,10.44626235961914,4.325176239013672,72.81,72.07,73.01,73.51,1.2170468855507766,1.2280002590976185,1.245718621000459,1.1865972967087468,0.5,simpleAddition,densenet121,2025-09-02 09:54:03
65,5.40453545956672,3.4805025541329684,77.94,2.4199299258204253e-05,0.00027656342009376345,0.00027656342009376345,2.299079418182373,9.9985990524292,4.186672210693359,72.91,72.41,72.71,73.52,1.2255672925635228,1.23180653400059,1.2319621760633928,1.1805092005790034,0.5,simpleAddition,densenet121,2025-09-02 09:55:14
66,5.325721469106553,3.4900153679183767,78.03,2.3324759265795942e-05,0.0002665686773233827,0.0002665686773233827,2.5571813583374023,11.108111381530762,4.316380977630615,73.12,71.79,73.0,73.96,1.2138822561577907,1.2378075469898273,1.2300582294222675,1.1832291959207268,0.5,simpleAddition,densenet121,2025-09-02 09:56:26
67,5.188254380527931,3.4250262387191195,77.7,2.2465195403863282e-05,0.0002567450903298666,0.0002567450903298666,2.1756482124328613,9.019515991210938,4.265362739562988,73.14,71.85,73.22,73.95,1.2102622291709804,1.2194656865506233,1.2147064888024632,1.1709518885310692,0.5,simpleAddition,densenet121,2025-09-02 09:57:38
68,5.255685368670693,3.430444614796699,78.26,2.162145595816158e-05,0.0002471023538075614,0.0002471023538075614,2.1468100547790527,9.089971542358398,4.474803924560547,73.41,72.33,72.96,74.0,1.2095161857484262,1.2224511730520031,1.225182961814011,1.17955458239664,0.5,simpleAddition,densenet121,2025-09-02 09:58:49
69,5.350653298293488,3.483397698100609,77.94,2.0794373597657864e-05,0.00023764998397323323,0.00023764998397323323,2.002028703689575,8.358386993408203,4.3276495933532715,72.9,71.96,72.74,73.85,1.2243987812271602,1.2256654863116108,1.230719060082979,1.175905085817168,0.5,simpleAddition,densenet121,2025-09-02 10:00:01
70,5.042854076699365,3.476569142522691,78.22,1.998476455278708e-05,0.00022839730917471,0.00022839730917471,2.2061562538146973,9.549997329711914,4.202879428863525,73.34,72.46,72.96,74.08,1.2193219495725027,1.2216690439212172,1.2228509821469271,1.1753416830980326,0.5,simpleAddition,densenet121,2025-09-02 10:01:13
71,5.044393267812608,3.4844385249705256,77.97,1.919342780993122e-05,0.00021935346068492872,0.00021935346068492872,2.03483247756958,8.607475280761719,4.347996711730957,73.45,72.37,73.23,73.62,1.2240833443931387,1.210820816740205,1.2319139687320855,1.1839219392100466,0.5,simpleAddition,densenet121,2025-09-02 10:02:26
72,5.130487565752826,3.5177403673341003,78.19,1.8421144322916257e-05,0.00021052736369047196,0.00021052736369047196,2.556704521179199,11.001533508300781,4.327426910400391,73.4,72.23,73.05,73.5,1.2202136380762993,1.2440951293027853,1.2390260756770266,1.2005603675600849,0.5,simpleAddition,densenet121,2025-09-02 10:03:38
73,5.076463412634934,3.4517528829695303,78.18,1.7668676242304955e-05,0.00020192772848348563,0.00020192772848348563,2.294066905975342,9.772994995117188,4.184595584869385,73.76,72.25,73.23,73.9,1.206382375729235,1.2186910298806202,1.223364433155784,1.1731019352055803,0.5,simpleAddition,densenet121,2025-09-02 10:04:50
74,5.058415998386431,3.4673259861861605,77.99,1.693676616324629e-05,0.00019356304186567228,0.00019356304186567228,1.2339422702789307,5.159841060638428,4.224362850189209,73.12,72.26,73.01,73.65,1.2224328578272952,1.214225345774542,1.2295094328590586,1.1891634947136989,0.5,simpleAddition,densenet121,2025-09-02 10:06:02
75,5.029894026019905,3.456452315366721,78.12,1.622613639262374e-05,0.00018544155877284313,0.00018544155877284313,1.5273568630218506,6.4670634269714355,4.168220520019531,73.25,72.14,73.06,73.77,1.2119721702382535,1.2233294173132014,1.226645900478846,1.1841844727721396,0.5,simpleAddition,densenet121,2025-09-02 10:07:14
76,5.055955056902729,3.468828140934811,78.18,1.5537488236225528e-05,0.0001775712941282921,0.0001775712941282921,2.0413663387298584,8.86475944519043,4.092772006988525,73.32,72.11,72.84,74.15,1.2092838581604293,1.2172299555585355,1.2335065203376963,1.1810059871854661,0.5,simpleAddition,densenet121,2025-09-02 10:08:26
77,5.208052040655402,3.495217637170719,78.15,1.4871501306640507e-05,0.00016996001493303471,0.00016996001493303471,2.3371036052703857,9.92432975769043,4.191064834594727,73.23,72.14,72.94,73.55,1.2203276926958109,1.2235593395897104,1.2490603787989556,1.1928804350804678,0.5,simpleAddition,densenet121,2025-09-02 10:09:37
78,5.028017360952836,3.518725470651554,78.04,1.4228832852562627e-05,0.00016261523260071607,0.00016261523260071607,1.9610962867736816,8.478045463562012,4.296947479248047,73.18,72.29,72.99,73.89,1.220078468322754,1.2304741566694235,1.2376063564155675,1.1919164733041692,0.5,simpleAddition,densenet121,2025-09-02 10:10:49
79,5.204125081436543,3.448066702371911,77.85,1.3610117110165739e-05,0.0001555441955447516,0.0001555441955447516,1.2465167045593262,5.364612579345703,4.142730712890625,73.23,72.31,72.83,73.79,1.2198221645777738,1.2117799399774285,1.2347548483293267,1.180827169478694,0.5,simpleAddition,densenet121,2025-09-02 10:12:01
80,5.0837761510776565,3.4597154086149193,78.0,1.3015964677189147e-05,0.00014875388202501908,0.00014875388202501908,1.8660125732421875,7.779209613800049,4.102618217468262,73.05,72.38,72.67,73.88,1.223392047459566,1.214227176165279,1.2377548006516468,1.18374625112437,0.5,simpleAddition,densenet121,2025-09-02 10:13:12
81,5.070802733867983,3.492999405800542,78.14,1.2446961910351294e-05,0.0001422509932611579,0.0001422509932611579,2.3369247913360596,9.732277870178223,4.325226306915283,73.0,71.72,73.04,73.75,1.222720214837714,1.232063725024839,1.2411020156703418,1.196361871459816,0.5,simpleAddition,densenet121,2025-09-02 10:14:25
82,5.036513482468037,3.466782068904442,78.2,1.190367034668652e-05,0.00013604194681927478,0.00013604194681927478,1.2768166065216064,5.42990779876709,4.193768501281738,73.12,72.13,72.67,73.73,1.2239188318011127,1.2230676616294474,1.248009927665131,1.191518657569644,0.5,simpleAddition,densenet121,2025-09-02 10:15:36
83,4.839300107352341,3.4554961753796927,77.96,1.1386626149375761e-05,0.00013013287027858035,0.00013013287027858035,1.0862370729446411,4.6484880447387695,4.152146339416504,73.5,72.15,72.94,73.73,1.2040430292298523,1.2184589678728128,1.227846765819984,1.18469024459018,0.5,simpleAddition,densenet121,2025-09-02 10:16:48
84,5.00568603865708,3.503079900258704,77.88,1.0896339578618289e-05,0.00012452959518420922,0.00012452959518420922,2.2237741947174072,9.70987606048584,4.186367511749268,73.11,72.16,72.74,73.56,1.2326154791856114,1.2311425918265233,1.2499643058716496,1.1969816631908659,0.5,simpleAddition,densenet121,2025-09-02 10:18:00
85,4.8565337476851065,3.4539923999882953,77.97,1.0433294488066407e-05,0.0001192376512921877,0.0001192376512921877,1.4987614154815674,6.809179782867432,4.3079833984375,73.19,72.29,72.99,73.95,1.2149868615065949,1.2214547576783579,1.2247151468373552,1.1925351182116737,0.5,simpleAddition,densenet121,2025-09-02 10:19:11
86,5.154659745059436,3.4691134555430354,77.93,9.997947847320384e-06,0.00011426226111223312,0.00011426226111223312,1.6886435747146606,7.356619358062744,4.2091569900512695,73.42,72.16,72.89,73.83,1.2233958085881005,1.2244368203078644,1.240792990485324,1.186155894134618,0.5,simpleAddition,densenet121,2025-09-02 10:20:23
87,5.2330225570292415,3.5022562123552152,78.02,9.590729290954596e-06,0.00010960833475376695,0.00010960833475376695,2.3366193771362305,9.986074447631836,4.146489143371582,73.13,71.76,72.64,73.93,1.2342009129403513,1.2396308221394503,1.2666993873028816,1.1956982974764667,0.5,simpleAddition,densenet121,2025-09-02 10:21:35
88,5.139611081231998,3.5109678008888343,78.07,9.212040694520078e-06,0.00010528046508022959,0.00010528046508022959,1.5796799659729004,6.858830451965332,4.181550025939941,73.31,72.13,72.94,73.6,1.2385065962996664,1.232207395607912,1.254382013520108,1.1970561863500861,0.5,simpleAddition,densenet121,2025-09-02 10:22:47
89,5.148586801335782,3.47722049906284,77.82,8.862255777941895e-06,0.0001012829231764789,0.0001012829231764789,1.9993276596069336,8.867349624633789,4.152914524078369,73.08,71.84,72.69,73.62,1.2357787557795077,1.232710928856572,1.2574031398266177,1.186287916159328,0.5,simpleAddition,densenet121,2025-09-02 10:23:58
90,5.078445371193222,3.4672244530689866,78.26,8.54171973670266e-06,9.761965413374479e-05,9.761965413374479e-05,1.7421209812164307,7.840879440307617,4.146775722503662,73.34,72.07,73.06,73.84,1.2268127497238448,1.2216735482215881,1.2419897898843018,1.1904315541062174,0.5,simpleAddition,densenet121,2025-09-02 10:25:10
91,4.96519463575339,3.4699617850629587,78.28,8.250748901176295e-06,9.429427315630059e-05,9.429427315630059e-05,2.0286996364593506,8.551541328430176,4.22113037109375,73.39,72.24,73.12,73.83,1.2087983421132535,1.219256182260151,1.228727508194839,1.192200140108036,0.5,simpleAddition,densenet121,2025-09-02 10:26:23
92,5.050312150882769,3.4502395497092717,78.44,7.989630424448123e-06,9.13100619936929e-05,9.13100619936929e-05,1.9811111688613892,8.293050765991211,4.123559474945068,73.36,72.14,73.06,73.95,1.2165025563179692,1.2117428809781619,1.2369157935999617,1.1834226884419405,0.5,simpleAddition,densenet121,2025-09-02 10:27:35
93,5.1021910951107365,3.4663217671309847,78.25,7.758621998929458e-06,8.8669965702051e-05,8.8669965702051e-05,1.8254237174987793,7.774162292480469,4.289734840393066,73.34,72.06,73.07,73.6,1.216254792635954,1.2055628156360192,1.2331616606893419,1.1782942814163015,0.5,simpleAddition,densenet121,2025-09-02 10:28:47
94,5.289164591439163,3.500369111193886,77.92,7.557951602046305e-06,8.63765897376721e-05,8.63765897376721e-05,2.1627326011657715,9.371173858642578,4.238300323486328,73.32,72.11,72.86,73.72,1.2353747902037222,1.2274810875518412,1.2573181209684927,1.2000221640248843,0.5,simpleAddition,densenet121,2025-09-02 10:29:58
95,5.185888700847384,3.449991017957277,78.12,7.387817271253163e-06,8.443219738575047e-05,8.443219738575047e-05,2.5445895195007324,10.709484100341797,4.083098411560059,73.33,72.3,72.89,73.92,1.2122381487979164,1.210732102394104,1.234874102888228,1.1823550191106675,0.5,simpleAddition,densenet121,2025-09-02 10:31:10
96,5.319726956041554,3.5077494156511526,77.83,7.24838690859395e-06,8.283870752678802e-05,8.283870752678802e-05,2.563028335571289,10.85311508178711,4.2899370193481445,73.18,72.07,72.73,73.7,1.23372921913485,1.224634890314899,1.262664401833015,1.1926077144055427,0.5,simpleAddition,densenet121,2025-09-02 10:32:22
97,5.00805077371718,3.4751982900160776,78.08,7.13979811500298e-06,8.159769274289122e-05,8.159769274289122e-05,1.9320411682128906,8.318389892578125,4.2186360359191895,73.17,72.15,73.04,73.67,1.2129592555987685,1.2192856126193758,1.237260665320143,1.1840681607210184,0.5,simpleAddition,densenet121,2025-09-02 10:33:34
98,4.876364551013029,3.4235552956786335,78.03,7.062158054509446e-06,8.071037776582225e-05,8.071037776582225e-05,0.9114981293678284,3.7602128982543945,4.232494354248047,73.43,72.31,73.11,73.88,1.2039393639262719,1.209978790222844,1.2272204764281647,1.181859215603599,0.5,simpleAddition,densenet121,2025-09-02 10:34:46
99,4.874972114080115,3.4592125928854642,78.28,7.015543348479455e-06,8.017763826833664e-05,8.017763826833664e-05,2.0674972534179688,9.012094497680664,4.270744323730469,73.21,72.11,72.97,73.97,1.220473968530003,1.220485806465149,1.239866873886012,1.1854092818272264,0.5,simpleAddition,densenet121,2025-09-02 10:35:57
100,5.148359042179735,3.4877221403242666,77.93,7e-06,8e-05,8e-05,2.243795394897461,9.335509300231934,4.238671779632568,73.28,71.96,72.8,73.58,1.2262175535853905,1.2269905609420584,1.2572454621520224,1.1943355157405515,0.5,simpleAddition,densenet121,2025-09-02 10:37:09
